Refinements,mesh-width,DOFs,SpectralRadii,AvgIters
1,1.581139e+00,4305,"1 1 0.655571",26.50
2,7.905694e-01,32449,"1 1 0.71741",27.12
3,3.952847e-01,251777,"1 1 0.722019",26.75
4,1.976424e-01,1983233,"1 1 0.76586",27.00
5,9.882118e-02,15742465,"1 1 0.786478",28.00
