Refinements,mesh-width,DOFs,SpectralRadii,AvgIters
1,3.535534e-01,165,"0.255478",8.38
2,1.767767e-01,969,"0.386613",10.00
3,8.838835e-02,6545,"0.43897",10.25
4,4.419417e-02,47905,"0.461365",11.00
5,2.209709e-02,366145,"0.473727",11.00
