Refinements,mesh-width,DOFs,SpectralRadii,AvgIters
1,1.895522e-01,807,"0.183073",8.12
2,9.477608e-02,3133,"0.197576",9.00
3,4.738804e-02,12345,"0.236029",9.00
4,2.369402e-02,49009,"0.251666",9.00
5,1.184701e-02,195297,"0.258774",9.00
6,5.923505e-03,779713,"0.261872",9.00
