Refinements,mesh-width,DOFs,SpectralRadii,AvgIters
1,5.000000e-01,545,"0.24257",12.88
2,2.500000e-01,3681,"0.400902",14.00
3,1.250000e-01,26945,"0.474601",15.00
4,6.250000e-02,205953,"0.519859",16.00
5,3.125000e-02,1609985,"0.552131",16.00
