Refinements,mesh-width,DOFs,SpectralRadii,AvgIters
1,5.000000e-01,545,"0.338848",20.00
2,2.500000e-01,3681,"0.33652",25.50
3,1.250000e-01,26945,"0.340789",28.00
4,6.250000e-02,205953,"0.341648",29.00
5,3.125000e-02,1609985,"0.344738",29.00
