Refinements,mesh-width,DOFs,SpectralRadii,AvgIters
1,8.838835e-02,1040,"1 0.250354",8.00
2,4.419417e-02,4000,"1 0.321564",9.00
3,2.209709e-02,15680,"1 0.366522",9.00
4,1.104854e-02,62080,"1 0.384231",9.00
5,5.524272e-03,247040,"1 0.389912",9.00
6,2.762136e-03,985600,"1 0.391289",9.00
