Refinements,mesh-width,DOFs,SpectralRadii,AvgIters
1,9.961539e-02,2403,"1 1 0.159514",12.00
2,4.980769e-02,9383,"1 1 0.198704",13.00
3,2.490385e-02,37071,"1 1 0.237884",14.00
4,1.245192e-02,147359,"1 1 0.259587",14.00
5,6.225962e-03,587583,"1 1 0.277769",14.00
6,3.112981e-03,2346623,"1 1 0.292037",14.00
