Refinements,mesh-width,DOFs,SpectralRadii,AvgIters
1,1.987527e-01,249,"0.297898",9.00
2,9.937634e-02,945,"0.341994",9.00
3,4.968817e-02,3681,"0.360837",10.00
4,2.484408e-02,14529,"0.37806",10.00
5,1.242204e-02,57729,"0.396846",10.00
6,6.211021e-03,230145,"0.405011",10.00
