Refinements,mesh-width,DOFs,SpectralRadii,AvgIters
1,1.250000e-01,153,"0.227252",8.00
2,6.250000e-02,561,"0.248707",8.12
3,3.125000e-02,2145,"0.280677",8.00
4,1.562500e-02,8385,"0.291421",8.00
5,7.812500e-03,33153,"0.298494",8.00
6,3.906250e-03,131841,"0.307915",8.00
